{
  "fixture_dir": "fixtures/glove-100",
  "fixture_dim": 100,
  "fixture_corpus_n": 100000,
  "fixture_queries_n": 1000,
  "ground_truth_k": 100,
  "limit_k": 10,
  "host": "unknown",
  "postgres_version": "16.9",
  "pgvector_version": "0.8.2",
  "pg_turbovec_version": "1.0.0-rc.2",
  "hnsw_m": 16,
  "hnsw_efc": 64,
  "hnsw_ef_search": "40,80,200",
  "timestamp": "2026-05-23T22:13:49Z",
  "indexes": [
    {
      "label": "pgvector HNSW (m=16, efc=64, ef_search=40)",
      "create_sql": "CREATE INDEX idx ON bench_recall.corpus USING hnsw (emb_pgv vector_cosine_ops) WITH (m = 16, ef_construction = 64)",
      "build_secs": 24.285980701446533,
      "index_bytes": 74481664,
      "n_queries": 1000,
      "limit_k": 10,
      "r_at_1": 0.85,
      "r_at_10": 0.8003999999999979,
      "r_at_100": 0.7149250000000007,
      "p50_us": 391.7217254638672,
      "p95_us": 1031.3153266906736,
      "p99_us": 1412.4178886413574,
      "mean_us": 448.9896297454834
    },
    {
      "label": "pgvector HNSW (m=16, efc=64, ef_search=80)",
      "create_sql": "CREATE INDEX idx ON bench_recall.corpus USING hnsw (emb_pgv vector_cosine_ops) WITH (m = 16, ef_construction = 64)",
      "build_secs": 24.285980701446533,
      "index_bytes": 74481664,
      "n_queries": 1000,
      "limit_k": 10,
      "r_at_1": 0.901,
      "r_at_10": 0.8631999999999982,
      "r_at_100": 0.7518374999999997,
      "p50_us": 672.459602355957,
      "p95_us": 995.1949119567871,
      "p99_us": 1186.8739128112788,
      "mean_us": 679.2690753936768
    },
    {
      "label": "pgvector HNSW (m=16, efc=64, ef_search=200)",
      "create_sql": "CREATE INDEX idx ON bench_recall.corpus USING hnsw (emb_pgv vector_cosine_ops) WITH (m = 16, ef_construction = 64)",
      "build_secs": 24.285980701446533,
      "index_bytes": 74481664,
      "n_queries": 1000,
      "limit_k": 10,
      "r_at_1": 0.957,
      "r_at_10": 0.929499999999997,
      "r_at_100": 0.8506000000000035,
      "p50_us": 1648.4260559082031,
      "p95_us": 2160.787582397461,
      "p99_us": 2384.340763092041,
      "mean_us": 1579.0555477142334
    },
    {
      "label": "pg_turbovec (bit_width=4)",
      "create_sql": "CREATE INDEX idx ON bench_recall.corpus USING turbovec (emb_tv vec_cosine_ops) WITH (bit_width = 4)",
      "build_secs": 0.7859797477722168,
      "index_bytes": 0,
      "n_queries": 1000,
      "limit_k": 10,
      "r_at_1": 1.0,
      "r_at_10": 1.0,
      "r_at_100": 1.0,
      "p50_us": 315085.0534439087,
      "p95_us": 327331.1376571655,
      "p99_us": 480023.1075286862,
      "mean_us": 319392.79413223267
    },
    {
      "label": "pg_turbovec (bit_width=2)",
      "create_sql": "CREATE INDEX idx ON bench_recall.corpus USING turbovec (emb_tv vec_cosine_ops) WITH (bit_width = 2)",
      "build_secs": 0.27930474281311035,
      "index_bytes": 0,
      "n_queries": 1000,
      "limit_k": 10,
      "r_at_1": 1.0,
      "r_at_10": 1.0,
      "r_at_100": 0.9919000000000049,
      "p50_us": 159582.257270813,
      "p95_us": 444104.9098968506,
      "p99_us": 538365.1494979858,
      "mean_us": 222319.27847862244
    }
  ],
  "exact_brute_force_seqscan": {
    "label": "pgvector seq-scan exact (no index)",
    "n_queries": 1000,
    "limit_k": 10,
    "r_at_1": 1.0,
    "r_at_10": 1.0,
    "r_at_100": 1.0,
    "p50_us": 22842.884063720703,
    "p95_us": 23995.506763458252,
    "p99_us": 24437.108039855957,
    "mean_us": 22924.548387527466
  }
}